"auc","cor"
0.701793580333302,0.344873639323714
0.813787421038176,0.27750996529598
0.946616044309451,0.678796003320141
0.824732658818741,0.456555353395994
